karaoke_type	display_artist	circle
JOYSOUND	5150	5150
JOYSOUND	3L(悠杏李)	イオシス
JOYSOUND	9bFOX	9bFOX
JOYSOUND	A-One	A-One
JOYSOUND	A-One×AXEL.K	A-One
JOYSOUND	A-One×AXEL.K，NAGISA	A-One
JOYSOUND	A-One×misa	A-One
JOYSOUND	A-One×Nana Takahashi	A-One
JOYSOUND	A-One×Shihori	A-One
JOYSOUND	A-One×はにーぽけっと	A-One
JOYSOUND	A-One×朱花(VIGNETTE HOUSE)	A-One
JOYSOUND	AdamKadmon feat. めらみぽっぷ	AdamKadmon
JOYSOUND	AdamKadmon feat. 珠梨	AdamKadmon
JOYSOUND	Alstroemeria Records	Alstroemeria Records
JOYSOUND	Amateras Records feat.℃iel	Amateras Records
JOYSOUND	Amateras Records feat.F9	Amateras Records
JOYSOUND	Amateras Records feat.irony	Amateras Records
JOYSOUND	Amateras Records feat.kalon.	Amateras Records
JOYSOUND	Amateras Records feat.kana	Amateras Records
JOYSOUND	Amateras Records feat.KUMI(ヲタみん)	Amateras Records
JOYSOUND	Amateras Records feat.miko	Amateras Records
JOYSOUND	Amateras Records feat.えみぃ	Amateras Records
JOYSOUND	Amateras Records feat.ココ	Amateras Records
JOYSOUND	Amateras Records feat.びびあん	Amateras Records
JOYSOUND	Amateras Records feat.ほたる	Amateras Records
JOYSOUND	Amateras Records feat.めらみぽっぷ	Amateras Records
JOYSOUND	Amateras Records feat.りこ。	Amateras Records
JOYSOUND	Amateras Records feat.柿チョコ	Amateras Records
JOYSOUND	Amateras Records feat.黒崎朔夜	Amateras Records
JOYSOUND	Amateras Records feat.鹿乃	Amateras Records
JOYSOUND	Amateras Records feat.実谷なな	Amateras Records
JOYSOUND	Amateras Records feat.真泉涼夏	Amateras Records
JOYSOUND	Amateras Records feat.築山さえ	Amateras Records
JOYSOUND	Amateras Records feat.茶太	Amateras Records
JOYSOUND	ARMのArmageddon Records/shiho	ARMのArmageddon Records
JOYSOUND	ARMのArmageddon Records/ちよこ	ARMのArmageddon Records
JOYSOUND	ARMのArmageddon Records/山本椛(monotone)，ARM	ARMのArmageddon Records
JOYSOUND	C-CLAYS feat.小峠舞	C-CLAYS
JOYSOUND	C-CLAYS feat.双月彩	C-CLAYS
JOYSOUND	C-CLAYS feat.櫻井アンナ	C-CLAYS
JOYSOUND	CLOCKWORKS TRACER	CLOCKWORKS TRACER
JOYSOUND	Croak Not Rue	Croak Not Rue
JOYSOUND	Digitalic Party feat.39*	Digitalic Party
JOYSOUND	Digitalic Party feat.nanaco	Digitalic Party
JOYSOUND	Digitalic Party feat.えみぃ	Digitalic Party
JOYSOUND	Digitalic Party feat.ぱごだ	Digitalic Party
JOYSOUND	Digitalic Party feat.ゆきまめ	Digitalic Party
JOYSOUND	Digitalic Party feat.美里	Digitalic Party
JOYSOUND	EastNewSound feat.Cryu	EastNewSound
JOYSOUND	EastNewSound feat.miko	EastNewSound
JOYSOUND	EastNewSound feat.nayuta	EastNewSound
JOYSOUND	EastNewSound feat.Tsubaki	EastNewSound
JOYSOUND	EastNewSound feat.いずみん	EastNewSound
JOYSOUND	EastNewSound feat.ななくさなゆ(nayuta)	EastNewSound
JOYSOUND	EastNewSound feat.ハナビ雨季	EastNewSound
JOYSOUND	EastNewSound feat.びびあん	EastNewSound
JOYSOUND	EastNewSound feat.ほたる	EastNewSound
JOYSOUND	EastNewSound feat.まめみ	EastNewSound
JOYSOUND	EastNewSound feat.リツカ	EastNewSound
JOYSOUND	EastNewSound feat.花火うき	EastNewSound
JOYSOUND	EastNewSound feat.黒崎朔夜	EastNewSound
JOYSOUND	EastNewSound feat.紫月菜乃	EastNewSound
JOYSOUND	EastNewSound feat.紫咲ほたる	EastNewSound
JOYSOUND	EastNewSound feat.前菜	EastNewSound
JOYSOUND	EastNewSound feat.築山さえ	EastNewSound
JOYSOUND	EastNewSound feat.茶太	EastNewSound
JOYSOUND	EastNewSound feat.片霧烈火	EastNewSound
JOYSOUND	EastNewSound feat.葉月なの(nayuta)	EastNewSound
JOYSOUND	EastNewSound feat.葉月ゆら	EastNewSound
JOYSOUND	EastNewSound×Halozy feat.いずみん	EastNewSound×Halozy
JOYSOUND	EdelSounds feat.mineko & 蒼 -aoi-	EdelSounds
JOYSOUND	EdelSounds feat.かんろ & 真野紫	EdelSounds
JOYSOUND	efs feat.阿部左	efs
JOYSOUND	efs feat.結城京華	efs
JOYSOUND	efs feat.野瀬冬弥	efs
JOYSOUND	EIKI`	illuCanon
JOYSOUND	Elemental Records feat.西村ちさと	Elemental Records
JOYSOUND	Foreground Eclipse	Foreground Eclipse
JOYSOUND	GET IN THE RING feat.みぃ	GET IN THE RING
JOYSOUND	GET IN THE RING feat.みぃ、℃iel	GET IN THE RING
JOYSOUND	Innocent Key & A-OneとShihori	Innocent Key
JOYSOUND	Innocent Key & ARMとmiko	Innocent Key
JOYSOUND	Innocent Key & ARMとmiko VS 陽介神父、溝口ゆうま	Innocent Key
JOYSOUND	Innocent Key & D.wattとmiko	Innocent Key
JOYSOUND	Innocent Key & Sound CYCLONEと℃iel、大瀬良あい、しゃばだばと愉快な仲間たち	Innocent Key
JOYSOUND	Innocent Key & Soy-SOUTHと℃iel	Innocent Key
JOYSOUND	Innocent Key & 柏木るざりんと℃iel	Innocent Key
JOYSOUND	Innocent Key & 柏木るざりんとココ、℃iel	Innocent Key
JOYSOUND	Innocent Key & 柏木るざりんと城戸千絵	Innocent Key
JOYSOUND	Innocent Key&A-OneとRayna	Innocent Key
JOYSOUND	Innocent Key&Aikawa Razunaとwitch	Innocent Key
JOYSOUND	Innocent Key&Aikawa Razunaと真野紫	Innocent Key
JOYSOUND	Innocent Key&ARMと岩杉夏、苦い人	Innocent Key
JOYSOUND	Innocent Key&D.wattと96、Nimo、ココ	Innocent Key
JOYSOUND	Innocent Key&D.wattとめらみぽっぷ、ココ	Innocent Key
JOYSOUND	Innocent Key&D.wattとめらみぽっぷ、大瀬良あい、Nimo、ココ、梨本悠里	Innocent Key
JOYSOUND	Innocent Key&LOLI.COMとココ	Innocent Key
JOYSOUND	Innocent Key&Meis Clausonとランコ	Innocent Key
JOYSOUND	Innocent Key&SAMとめらみぽっぷ	Innocent Key
JOYSOUND	Innocent Key&SAMと真野紫	Innocent Key
JOYSOUND	Innocent Key&SH.Ammy'sと真野紫、Rayna、梨本悠里、大瀬良あい	Innocent Key
JOYSOUND	Innocent Key&SHMと大瀬良あい	Innocent Key
JOYSOUND	Innocent Key&SOUND HOLICとShihori	Innocent Key
JOYSOUND	Innocent Key&SuccubusとRayna	Innocent Key
JOYSOUND	Innocent Key&Succubusと謎の人物K	Innocent Key
JOYSOUND	Innocent Key&Succubusと凛	Innocent Key
JOYSOUND	Innocent Key&taskと大瀬良あい	Innocent Key
JOYSOUND	Innocent Key&すぺらんかーと小宮真央	Innocent Key
JOYSOUND	Innocent Key&デッドボールPと真野紫	Innocent Key
JOYSOUND	Innocent Key&ふくPとめらみぽっぷ、ココ	Innocent Key
JOYSOUND	Innocent Key&鯛の小骨とココ、大瀬良あい	Innocent Key
JOYSOUND	Innocent Key&鯛の小骨と真野紫	Innocent Key
JOYSOUND	Innocent Key&柏木るざりんとmiko	Innocent Key
JOYSOUND	Innocent Key&流歌と真野紫	Innocent Key
JOYSOUND	Innocent Keyと℃iel	Innocent Key
JOYSOUND	Innocent Keyと℃iel、JUNCA、しゃばだば、大瀬良あい、miko	Innocent Key
JOYSOUND	Innocent Keyと3L、大瀬良あい、ココ	Innocent Key
JOYSOUND	Innocent KeyとENKU	Innocent Key
JOYSOUND	Innocent KeyとJUNCA	Innocent Key
JOYSOUND	Innocent KeyとJUNCA、ココ	Innocent Key
JOYSOUND	Innocent KeyとJUNCA、大瀬良あい	Innocent Key
JOYSOUND	Innocent Keyとmiko、大瀬良あい、ココ、梨本悠里、樹詩音	Innocent Key
JOYSOUND	Innocent Keyとmiko、梨本悠里、ココ	Innocent Key
JOYSOUND	Innocent KeyとNimo	Innocent Key
JOYSOUND	Innocent KeyとNimo、ココ、大瀬良あい	Innocent Key
JOYSOUND	Innocent KeyとNimo、コツキミヤ	Innocent Key
JOYSOUND	Innocent KeyとNimo、樹詩音、ココ、梨本悠里	Innocent Key
JOYSOUND	Innocent KeyとNimo、小宮真央、大瀬良あい、梨本悠里、樹詩音、ココ	Innocent Key
JOYSOUND	Innocent KeyとNimo、大瀬良あい	Innocent Key
JOYSOUND	Innocent KeyとRayna	Innocent Key
JOYSOUND	Innocent Keyとshihori	Innocent Key
JOYSOUND	Innocent Keyとwitch	Innocent Key
JOYSOUND	Innocent Keyとyonji	Innocent Key
JOYSOUND	Innocent Keyとyuiko	Innocent Key
JOYSOUND	Innocent Keyとココ	Innocent Key
JOYSOUND	Innocent Keyとココ、Nimo	Innocent Key
JOYSOUND	Innocent Keyとココ、Nimo、しゃばだば、やまだん、大瀬良あい	Innocent Key
JOYSOUND	Innocent Keyとココ、小宮真央、梨本悠里、miko、大瀬良あい、Nimo	Innocent Key
JOYSOUND	Innocent Keyとココ、大瀬良あい	Innocent Key
JOYSOUND	Innocent Keyとココ、梨本悠里	Innocent Key
JOYSOUND	Innocent Keyとココ、梨本悠里、岩杉夏、めらみぽっぷ、大瀬良あい、Nimo	Innocent Key
JOYSOUND	Innocent Keyとココ、梨本悠里、溝口ゆうま	Innocent Key
JOYSOUND	Innocent Keyとココと真野紫	Innocent Key
JOYSOUND	Innocent Keyとしゃばだば、水瀬修withしゃばだば愚連隊 VS gak	Innocent Key
JOYSOUND	Innocent Keyとみずたま	Innocent Key
JOYSOUND	Innocent Keyとめらみぽっぷ	Innocent Key
JOYSOUND	Innocent Keyとめらみぽっぷ、ココ	Innocent Key
JOYSOUND	Innocent Keyとめらみぽっぷ、大瀬良あい、Nimo、ココ、梨本悠里	Innocent Key
JOYSOUND	Innocent Keyとゆきまめ	Innocent Key
JOYSOUND	Innocent Keyとランコ	Innocent Key
JOYSOUND	Innocent Keyと苦い人、海斗、大瀬良あい、ココ	Innocent Key
JOYSOUND	Innocent Keyと樹詩音	Innocent Key
JOYSOUND	Innocent Keyと樹詩音、ENKU	Innocent Key
JOYSOUND	Innocent Keyと樹詩音、ココ、小宮真央	Innocent Key
JOYSOUND	Innocent Keyと樹詩音、小宮真央	Innocent Key
JOYSOUND	Innocent Keyと小宮真央	Innocent Key
JOYSOUND	Innocent Keyと小宮真央、ココ	Innocent Key
JOYSOUND	Innocent Keyと真野紫	Innocent Key
JOYSOUND	Innocent Keyと大瀬良あい	Innocent Key
JOYSOUND	Innocent Keyと大瀬良あい、梨本悠里	Innocent Key
JOYSOUND	Innocent Keyと陽介神父、ココ	Innocent Key
JOYSOUND	Innocent Keyと陽介神父、ココ、梨本悠里	Innocent Key
JOYSOUND	Innocent Keyと梨本悠里、JUNCA、小宮真央、樹詩音、大瀬良あい	Innocent Key
JOYSOUND	Innocent Keyと梨本悠里、JUNCA、大瀬良あい、ココ、Nimo、Innocent Keyと愉快な仲間達	Innocent Key
JOYSOUND	Innocent Keyと梨本悠里、ココ、大瀬良あい、しゃばだば	Innocent Key
JOYSOUND	IRON ATTACK!	IRON ATTACK!
JOYSOUND	J&B feat. うぇり	J&B
JOYSOUND	J&B feat. 藍	J&B
JOYSOUND	J&B feat. 藍/うぇり	J&B
JOYSOUND	JF UNION feat.井上みゆ	JF UNION
JOYSOUND	JF UNION feat.小鳥遊まこ	JF UNION
JOYSOUND	Kraster feat.Ne;on	Kraster
JOYSOUND	Kraster feat.Ne;on&ハイジ	Kraster
JOYSOUND	Kraster feat.Ne;on&羽丘淳	Kraster
JOYSOUND	Kraster feat.Ne;on&父	Kraster
JOYSOUND	Kraster feat.ハイジ	Kraster
JOYSOUND	Kraster feat.羽丘淳	Kraster
JOYSOUND	Kraster feat.羽丘淳&Ne;on&ハイジ	Kraster
JOYSOUND	Kraster feat.羽丘淳&Ne;on&ハイジ&父	Kraster
JOYSOUND	Kraster feat.羽丘淳&ハイジ	Kraster
JOYSOUND	Kraster feat.羽丘淳&父	Kraster
JOYSOUND	Kraster feat.父	Kraster
JOYSOUND	KRASTERII×Ne;on Otonashi	KRASTERII
JOYSOUND	L-ZONE(翠工房)	L-ZONE(翠工房)
JOYSOUND	LiLA'c Records feat.F9	LiLA'c Records
JOYSOUND	LiLA'c Records feat.vip店長	LiLA'c Records
JOYSOUND	LiLA'c Records feat.ココ	LiLA'c Records
JOYSOUND	LiLA'c Records feat.たま	LiLA'c Records
JOYSOUND	LiLA'c Records feat.秋赤音	LiLA'c Records
JOYSOUND	Liz Triangle	Liz Triangle
JOYSOUND	merveilles.org	あぷえぬすたーと！
JOYSOUND	miko	PROJECT tM@S
JOYSOUND	MISTYRAIN feat.℃iel	MISTYRAIN
JOYSOUND	MISTYRAIN feat.tompi	MISTYRAIN
JOYSOUND	MISTYRAIN feat.哀良にょん	MISTYRAIN
JOYSOUND	monochrome-coat feat. Hotori*	monochrome-coat
JOYSOUND	monochrome-coat feat. プラスもなか	monochrome-coat
JOYSOUND	monochrome-coat feat. 綾倉盟	monochrome-coat
JOYSOUND	monochrome-coat feat. 池田奨	monochrome-coat
JOYSOUND	monochrome-coat feat.IZNA(シェイクジアス)	monochrome-coat
JOYSOUND	monochrome-coat feat.nayuta	monochrome-coat
JOYSOUND	monochrome-coat feat.めらみぽっぷ	monochrome-coat
JOYSOUND	monochrome-coat feat.癒月	monochrome-coat
JOYSOUND	monoROSETTA/めらみぽっぷ(こすもぽりたん)	monoROSETTA
JOYSOUND	monoROSETTA/高井さん(IOSYS)	monoROSETTA
JOYSOUND	monoROSETTA/青葉りんご	monoROSETTA
JOYSOUND	NEKONAMi	NEKONAMi
JOYSOUND	OTAKU-ELITE Recordings/A～YA(SWING HOLIC)	OTAKU-ELITE Recordings
JOYSOUND	OTAKU-ELITE Recordings/あさな	OTAKU-ELITE Recordings
JOYSOUND	OTAKU-ELITE Recordings/あゆ(IOSYS)	OTAKU-ELITE Recordings
JOYSOUND	OTAKU-ELITE Recordings/あゆ+イザベル	OTAKU-ELITE Recordings
JOYSOUND	OTAKU-ELITE Recordings/イザベル+岩杉夏	OTAKU-ELITE Recordings
JOYSOUND	OTAKU-ELITE Recordings/神波千尋	OTAKU-ELITE Recordings
JOYSOUND	OTAKU-ELITE Recordings/神波千尋+白玉高校応援団	OTAKU-ELITE Recordings
JOYSOUND	RD-Sounds feat.めらみぽっぷ	RD-Sounds
JOYSOUND	Re:A&Re:nG	
JOYSOUND	Re:Volte	Re:Volte
JOYSOUND	Re:Volte × saori	Re:Volte
JOYSOUND	Register6	Register6
JOYSOUND	Saga Novel feat.shell	Saga Novel
JOYSOUND	Saga Novel feat.うどんタイマーP	Saga Novel
JOYSOUND	Satellite Himawari	Satellite Himawari
JOYSOUND	SHO	Sonic Hybrid Orchestra
JOYSOUND	Silver Forest feat. Nano	Silver Forest
JOYSOUND	Silver Forest feat. Nano，kiyo，加茂桃歌	Silver Forest
JOYSOUND	Silver Forest feat. アキ	Silver Forest
JOYSOUND	Silver Forest feat. アキ，Fantom	Silver Forest
JOYSOUND	Silver Forest feat. アキ，miko	Silver Forest
JOYSOUND	Silver Forest feat. あやや	Silver Forest
JOYSOUND	Silver Forest feat. あやや，アキ，Fantom，クボタン，希，8013，恭さま	Silver Forest
JOYSOUND	Silver Forest feat. さゆり	Silver Forest
JOYSOUND	Silver Forest feat. さゆり，なつみ	Silver Forest
JOYSOUND	Silver Forest feat. さゆり，なつみ，Nano，スカーレットな迷彩，k-masera，Fantom	Silver Forest
JOYSOUND	Silver Forest feat. なつみ	Silver Forest
JOYSOUND	Silver Forest feat. なつみ，miko	Silver Forest
JOYSOUND	Silver Forest feat. めらみぽっぷ	Silver Forest
JOYSOUND	Sister's Spread-i	Sister's Spread-i
JOYSOUND	SOUND HOLIC feat. 3L	SOUND HOLIC
JOYSOUND	SOUND HOLIC feat. 3L(NJK Record) & 709sec.	SOUND HOLIC
JOYSOUND	SOUND HOLIC feat. 709sec.	SOUND HOLIC
JOYSOUND	SOUND HOLIC feat. 709sec. & mao	SOUND HOLIC
JOYSOUND	SOUND HOLIC feat. 709sec. & Nana Takahashi(高橋菜々)	SOUND HOLIC
JOYSOUND	SOUND HOLIC feat. A～YA	SOUND HOLIC
JOYSOUND	SOUND HOLIC feat. A～YA & きゃろ	SOUND HOLIC
JOYSOUND	SOUND HOLIC feat. aki	SOUND HOLIC
JOYSOUND	SOUND HOLIC feat. CALEN	SOUND HOLIC
JOYSOUND	SOUND HOLIC feat. CALEN & 709sec.	SOUND HOLIC
JOYSOUND	SOUND HOLIC feat. GSK48	SOUND HOLIC
JOYSOUND	SOUND HOLIC feat. Hi-Ne	SOUND HOLIC
JOYSOUND	SOUND HOLIC feat. Hitomi Harada	SOUND HOLIC
JOYSOUND	SOUND HOLIC feat. KAPA(Nana/INOA/REN)	SOUND HOLIC
JOYSOUND	SOUND HOLIC feat. MARIN	SOUND HOLIC
JOYSOUND	SOUND HOLIC feat. Mihoko	SOUND HOLIC
JOYSOUND	SOUND HOLIC feat. misa	SOUND HOLIC
JOYSOUND	SOUND HOLIC feat. Nana Takahashi(高橋菜々)	SOUND HOLIC
JOYSOUND	SOUND HOLIC feat. Nana Takahashi(高橋菜々) & 709sec.	SOUND HOLIC
JOYSOUND	SOUND HOLIC feat. Nana Takahashi(高橋菜々) & CALEN & 西宮れん	SOUND HOLIC
JOYSOUND	SOUND HOLIC feat. Nana Takahashi(高橋菜々) & ヨッシ～バラン	SOUND HOLIC
JOYSOUND	SOUND HOLIC feat. Nana Takahashi(高橋菜々) & 西宮れん	SOUND HOLIC
JOYSOUND	SOUND HOLIC feat. NeNe	SOUND HOLIC
JOYSOUND	SOUND HOLIC feat. Shihori	SOUND HOLIC
JOYSOUND	SOUND HOLIC feat. SYO	SOUND HOLIC
JOYSOUND	SOUND HOLIC feat. SYO & 709sec.	SOUND HOLIC
JOYSOUND	SOUND HOLIC feat. SYO & きゃろ	SOUND HOLIC
JOYSOUND	SOUND HOLIC feat. SYO & ヨッシ～バラン	SOUND HOLIC
JOYSOUND	SOUND HOLIC feat. SYO & 西宮れん	SOUND HOLIC
JOYSOUND	SOUND HOLIC feat. Tak.K	SOUND HOLIC
JOYSOUND	SOUND HOLIC feat. Yo-suke	SOUND HOLIC
JOYSOUND	SOUND HOLIC feat. Yoko Kubota	SOUND HOLIC
JOYSOUND	SOUND HOLIC feat. YURiCa/花たん(THE OTHER FLOWER)	SOUND HOLIC
JOYSOUND	SOUND HOLIC feat. YURiCa/花たん(THE OTHER FLOWER) & 709sec.	SOUND HOLIC
JOYSOUND	SOUND HOLIC feat. きゃろ	SOUND HOLIC
JOYSOUND	SOUND HOLIC feat. キュアレイム(CV:Nana) / キュアマリサ(CV:菜々)	SOUND HOLIC
JOYSOUND	SOUND HOLIC feat. なつみ(Silver Forest)	SOUND HOLIC
JOYSOUND	SOUND HOLIC feat. めらみぽっぷ	SOUND HOLIC
JOYSOUND	SOUND HOLIC feat. ユリカ(cordelia)	SOUND HOLIC
JOYSOUND	SOUND HOLIC feat. ユリカ(cordelia) & 709sec.	SOUND HOLIC
JOYSOUND	SOUND HOLIC feat. ユリカ(cordelia) & ヨッシ～バラン	SOUND HOLIC
JOYSOUND	SOUND HOLIC feat. りこ	SOUND HOLIC
JOYSOUND	SOUND HOLIC feat. 華憐(電気式華憐音楽集団)	SOUND HOLIC
JOYSOUND	SOUND HOLIC feat. 匠眞 & Nana Takahashi	SOUND HOLIC
JOYSOUND	SOUND HOLIC feat. 神谷真里	SOUND HOLIC
JOYSOUND	SOUND HOLIC feat. 西宮れん	SOUND HOLIC
JOYSOUND	SOUND HOLIC feat. 西宮れん & 709sec.	SOUND HOLIC
JOYSOUND	SOUND HOLIC feat. 美生	SOUND HOLIC
JOYSOUND	SOUND HOLIC feat. 野宮あゆみ(ALiCE'S EMOTiON)	SOUND HOLIC
JOYSOUND	SOUND HOLIC feat. 野宮あゆみ(ALiCE'S EMOTiON) & 709sec.	SOUND HOLIC
JOYSOUND	SOUND HOLIC feat. 癒月	SOUND HOLIC
JOYSOUND	SOUND HOLIC feat. 有馬美咲	SOUND HOLIC
JOYSOUND	SOUND HOLIC feat. 葉月なの	SOUND HOLIC
JOYSOUND	SOUND HOLIC feat.東方神鬼	SOUND HOLIC
JOYSOUND	Sound Online feat. 佳織みちる	Sound Online
JOYSOUND	Sound Online feat. 坂上なち	Sound Online
JOYSOUND	Sound Online feat. 三澤秋	Sound Online
JOYSOUND	Sound Online feat. 美里	Sound Online
JOYSOUND	Sound Online feat. 野宮あゆみ	Sound Online
JOYSOUND	Sun Flower Field	Sun Flower Field
JOYSOUND	SWING HOLIC feat. A～YA	SWING HOLIC
JOYSOUND	SWING HOLIC feat. Naoko Akimoto	SWING HOLIC
JOYSOUND	SWING HOLIC feat. Shihori	SWING HOLIC
JOYSOUND	SWING HOLIC feat. SYO	SWING HOLIC
JOYSOUND	Syrufit feat. 綾倉盟	Syrufit
JOYSOUND	Syrufit feat. 市松椿/綾倉盟	Syrufit
JOYSOUND	Syrufit feat.(。・x・)ゝ<b!	Syrufit
JOYSOUND	T.Piacere feat.びびあん	T.Piacere
JOYSOUND	T.Piacere feat.ほたる(LUCIOLE*CAFE)	T.Piacere
JOYSOUND	T.Piacere feat.黒崎朔夜	T.Piacere
JOYSOUND	the blankets	the blankets
JOYSOUND	TUMENECO feat. 結月そら(Soranetarium)	TUMENECO
JOYSOUND	TUMENECO feat.tomoya	TUMENECO
JOYSOUND	TUMENECO feat.yukina	TUMENECO
JOYSOUND	TUMENECO feat.yukina&みぃ(GET IN THE RING)	TUMENECO
JOYSOUND	TUMENECO feat.みぃ(GET IN THE RING)	TUMENECO
JOYSOUND	UNDEAD CORPORATION	UNDEAD CORPORATION
JOYSOUND	UNDEAD CORPORATION feat. LIQU@。	UNDEAD CORPORATION
JOYSOUND	UNDEAD CORPORATION feat. めらみぽっぷ	UNDEAD CORPORATION
JOYSOUND	UNDEAD CORPORATION feat. ランコ	UNDEAD CORPORATION
JOYSOUND	UNDEAD CORPORATION feat. 桂琳	UNDEAD CORPORATION
JOYSOUND	UNDEAD CORPORATION feat. 天外冬黄&ウェストヴィレッジ	UNDEAD CORPORATION
JOYSOUND	UNDEAD CORPORATION feat.Rib:y(uhki)	UNDEAD CORPORATION
JOYSOUND	UNDEAD CORPORATION feat.さわけん&Admiral Wisteria Promontory	UNDEAD CORPORATION
JOYSOUND	VAGUEDGE	VAGUEDGE
JOYSOUND	VAGUEDGE feat.℃iel	VAGUEDGE
JOYSOUND	VAGUEDGE feat.うるし	VAGUEDGE
JOYSOUND	Yuel Y.	あぷえぬすたーと！
JOYSOUND	Y本様 ┥┌┿┰【●とえろ漫画家ピクピクン☆	
JOYSOUND	あああああ&シロクロ	あああああ&シロクロ
JOYSOUND	アールグレイ feat.アリス・マーガトロイド	アールグレイ
JOYSOUND	アールグレイ feat.洩矢諏訪子	アールグレイ
JOYSOUND	アールグレイ feat.河城にとり	アールグレイ
JOYSOUND	アールグレイ feat.古明地こいし	アールグレイ
JOYSOUND	アールグレイ feat.古明地さとり	アールグレイ
JOYSOUND	アールグレイ feat.魂魄妖夢	アールグレイ
JOYSOUND	アールグレイ feat.四季映姫	アールグレイ
JOYSOUND	アールグレイ feat.射命丸文	アールグレイ
JOYSOUND	アールグレイ feat.西行寺幽々子	アールグレイ
JOYSOUND	アールグレイ feat.東風谷早苗	アールグレイ
JOYSOUND	アールグレイ feat.東風谷早苗、八坂神奈子、洩矢諏訪子	アールグレイ
JOYSOUND	アールグレイ feat.八坂神奈子	アールグレイ
JOYSOUND	アールグレイ feat.比那名居天子	アールグレイ
JOYSOUND	あまね(COOL&CREATE)	COOL&CREATE
JOYSOUND	あまね+ビートまりお(COOL&CREATE)	COOL&CREATE
JOYSOUND	あらいぐまファクトリー feat.*manna	あらいぐまファクトリー
JOYSOUND	イオシス	イオシス
JOYSOUND	イオシス/℃iel(Capriccioso Cantabile)	イオシス
JOYSOUND	イオシス/>>96(HAPPY I SCREAM!!)	イオシス
JOYSOUND	イオシス/3L	イオシス
JOYSOUND	イオシス/3L(NJK Record)	イオシス
JOYSOUND	イオシス/3L(NJK Record)，龍波しゅういち(IOSYS)，あゆ(IOSYS)	イオシス
JOYSOUND	イオシス/709sec.(SOUND HOLIC)	イオシス
JOYSOUND	イオシス/ARM，ARM子	イオシス
JOYSOUND	イオシス/CAMET	イオシス
JOYSOUND	イオシス/D.watt(IOSYS)	イオシス
JOYSOUND	イオシス/Dummy	イオシス
JOYSOUND	イオシス/Dummy，あさな	イオシス
JOYSOUND	イオシス/Dummy、nyanyannya、龍波しゅういち、メグロユウコ、3L	イオシス
JOYSOUND	イオシス/frayja(Innocent Key)	イオシス
JOYSOUND	イオシス/ichigo(岸田教団&THE明星ロケッツ/JUDGEMENT)	イオシス
JOYSOUND	イオシス/lily-an(Liz Triangle)	イオシス
JOYSOUND	イオシス/LIQU@。(@-dash!)	イオシス
JOYSOUND	イオシス/miko	イオシス
JOYSOUND	イオシス/miko (Alternative ending)	イオシス
JOYSOUND	イオシス/miko，あゆ	イオシス
JOYSOUND	イオシス/miko，あゆ，咲希	イオシス
JOYSOUND	イオシス/miko，ゆか，まり	イオシス
JOYSOUND	イオシス/miko、榎津まお	イオシス
JOYSOUND	イオシス/miko(Alternative ending)・Jenya	イオシス
JOYSOUND	イオシス/miko(Alternative ending)，ビートまりお(COOL&CREATE)	イオシス
JOYSOUND	イオシス/miko/quim	イオシス
JOYSOUND	イオシス/minami	イオシス
JOYSOUND	イオシス/NANA TAKAHASHI(SOUND HOLIC)	イオシス
JOYSOUND	イオシス/Poron	イオシス
JOYSOUND	イオシス/Poron・3L	イオシス
JOYSOUND	イオシス/quim	イオシス
JOYSOUND	イオシス/Shihori(A-one)	イオシス
JOYSOUND	イオシス/void(IOSYS)	イオシス
JOYSOUND	イオシス/witch(Sound CYCLONE)	イオシス
JOYSOUND	イオシス/YAMATO(PEASIDE SOUNDS LABEL)	イオシス
JOYSOUND	イオシス/yonji(Girl's short hair)	イオシス
JOYSOUND	イオシス/あいかぴん(Raise Clamor)	イオシス
JOYSOUND	イオシス/あいかぴん+DD”ナカタ”Metal	イオシス
JOYSOUND	イオシス/あさな	イオシス
JOYSOUND	イオシス/あまね(COOL&CREATE)，ARM(IOSYS)	イオシス
JOYSOUND	イオシス/あまね+ビートまりお(COOL&CREATE)	イオシス
JOYSOUND	イオシス/あゆ	イオシス
JOYSOUND	イオシス/あゆ from KKproject	イオシス
JOYSOUND	イオシス/あゆ・三澤秋・Studioどらごんめいる	イオシス
JOYSOUND	イオシス/あゆ，イザベル，岩杉夏	イオシス
JOYSOUND	イオシス/あゆ，イザベル，神波千尋	イオシス
JOYSOUND	イオシス/あゆ(Dear Chocolat)	イオシス
JOYSOUND	イオシス/あゆ(IOSYS/ACT)，coda(Antp/ACT)	イオシス
JOYSOUND	イオシス/あゆ(イオシス)・nyanyannya(Team.ねこかん[猫])	イオシス
JOYSOUND	イオシス/イザベル	イオシス
JOYSOUND	イオシス/イザベル・岩杉夏	イオシス
JOYSOUND	イオシス/おかあさん	イオシス
JOYSOUND	イオシス/ココ(Innocent Key)	イオシス
JOYSOUND	イオシス/しほり，ARM(IOSYS)	イオシス
JOYSOUND	イオシス/ちよこ	イオシス
JOYSOUND	イオシス/ちよこ(IOSYS)，ARM(IOSYS)	イオシス
JOYSOUND	イオシス/とろ美	イオシス
JOYSOUND	イオシス/はかせ	イオシス
JOYSOUND	イオシス/はかせ feat.しゃちょう	イオシス
JOYSOUND	イオシス/ビートまりお(COOL&CREATE)	イオシス
JOYSOUND	イオシス/ビートまりお(COOL&CREATE)，ARM(IOSYS)	イオシス
JOYSOUND	イオシス/ビートまりお(COOL&CREATE)，miko(Alternative ending)	イオシス
JOYSOUND	イオシス/ヒナコ	イオシス
JOYSOUND	イオシス/まり	イオシス
JOYSOUND	イオシス/めらみぽっぷ(こすもぽりたん)	イオシス
JOYSOUND	イオシス/ゆか	イオシス
JOYSOUND	イオシス/ゆっくり	イオシス
JOYSOUND	イオシス/ゆん	イオシス
JOYSOUND	イオシス/ランコ(豚乙女)	イオシス
JOYSOUND	イオシス/りこ。	イオシス
JOYSOUND	イオシス/一ノ瀬月琉 (monotone)	イオシス
JOYSOUND	イオシス/一ノ瀬月琉(monotone)，ARM(IOSYS)	イオシス
JOYSOUND	イオシス/榎津まお	イオシス
JOYSOUND	イオシス/園児ちゃん	イオシス
JOYSOUND	イオシス/岩杉夏	イオシス
JOYSOUND	イオシス/岩杉夏，イザベル，minami	イオシス
JOYSOUND	イオシス/宮簀月菜	イオシス
JOYSOUND	イオシス/厚志(石鹸屋)	イオシス
JOYSOUND	イオシス/高井さん & ちよこ feat.あいかぴん	イオシス
JOYSOUND	イオシス/高井さん(IOSYS)	イオシス
JOYSOUND	イオシス/咲希/あゆ	イオシス
JOYSOUND	イオシス/三澤秋	イオシス
JOYSOUND	イオシス/山本椛(monotone)	イオシス
JOYSOUND	イオシス/山本椛(monotone)，ARM(IOSYS)	イオシス
JOYSOUND	イオシス/山本椛(monotone)，なつみ(Silver Forest)，Nano(Silver Forest)	イオシス
JOYSOUND	イオシス/秀三(ゼッケン屋)	イオシス
JOYSOUND	イオシス/衝動的の人(cakebox)	イオシス
JOYSOUND	イオシス/神波千尋(Studioどらごんめいる)	イオシス
JOYSOUND	イオシス/神波千尋(Studioどらごんめいる)・龍波しゅういち(Studioどらごんめいる)	イオシス
JOYSOUND	イオシス/神波千尋(天然ジェミニ)	イオシス
JOYSOUND	イオシス/藤原鞠菜	イオシス
JOYSOUND	イオシス/藤原鞠菜，ゆん	イオシス
JOYSOUND	イオシス/藤咲かりん	イオシス
JOYSOUND	イオシス/藤枝あかね	イオシス
JOYSOUND	イオシス/夢眠ねむ(monoROSETTA)，レナ(monoROSETTA)	イオシス
JOYSOUND	イオシス/夢来	イオシス
JOYSOUND	イオシス/悠杏李	イオシス
JOYSOUND	イオシス/梨本悠里(Lily Crown)	イオシス
JOYSOUND	イオシス/龍波しゅういち	イオシス
JOYSOUND	うっちー/いえろ～ぜぶら(あ～るの～と)	いえろ～ぜぶら(あ～るの～と)
JOYSOUND	かぜはふり。	かぜはふり。
JOYSOUND	カラスヤサボウ	
JOYSOUND	こなぐすり feat.Mayumi	こなぐすり
JOYSOUND	こなぐすり feat.うさ	こなぐすり
JOYSOUND	こなぐすり feat.このみ	こなぐすり
JOYSOUND	こなぐすり feat.ななひら	こなぐすり
JOYSOUND	こなぐすり feat.ハナビ雨季	こなぐすり
JOYSOUND	こなぐすり feat.はるうら	こなぐすり
JOYSOUND	こなぐすり feat.ヲタクのこま	こなぐすり
JOYSOUND	こなぐすり feat.愛空アキハ	こなぐすり
JOYSOUND	こなぐすり feat.実谷なな	こなぐすり
JOYSOUND	こなぐすり feat.葉月ゆら	こなぐすり
JOYSOUND	こなぐすり@まめみ	こなぐすり
JOYSOUND	こなぐすり@時花	こなぐすり
JOYSOUND	こなぐすり@時花 feat.Tsubaki	こなぐすり
JOYSOUND	こなぐすり@時花 feat.愛空アキハ	こなぐすり
JOYSOUND	ごりら公園	ごりら公園
JOYSOUND	サリー feat. IZNA	サリー
JOYSOUND	サリー feat. めらみぽっぷ	サリー
JOYSOUND	サリー feat. ランコ	サリー
JOYSOUND	サリー feat. 茶太	サリー
JOYSOUND	じゃねっと亭	じゃねっと亭
JOYSOUND	じゃねっと亭×9bFOX	じゃねっと亭
JOYSOUND	シラヌイカズキヲ	へたのよこずき
JOYSOUND	すし～	あぷえぬすたーと！
JOYSOUND	ゼッケン屋	ゼッケン屋
JOYSOUND	つぐみ	あぷえぬすたーと！
JOYSOUND	ねこみりん feat.みゆ	ねこみりん
JOYSOUND	はちみつれもん feat.ヒスイリカ	はちみつれもん
JOYSOUND	はちみつれもん feat.中恵光城	はちみつれもん
JOYSOUND	はにーぽけっと	はにーぽけっと
JOYSOUND	ハル	Яiselied
JOYSOUND	ビートまりお(COOL&CREATE)	COOL&CREATE
JOYSOUND	ふぉれすとぴれお feat.kana	ふぉれすとぴれお
JOYSOUND	ふぉれすとぴれお feat.うるし	ふぉれすとぴれお
JOYSOUND	ふぉれすとぴれお feat.エミコ	ふぉれすとぴれお
JOYSOUND	ふぉれすとぴれお feat.かざはな、まめこ	ふぉれすとぴれお
JOYSOUND	ふぉれすとぴれお feat.ココ	ふぉれすとぴれお
JOYSOUND	ふぉれすとぴれお feat.すもも	ふぉれすとぴれお
JOYSOUND	ふぉれすとぴれお feat.ななひら	ふぉれすとぴれお
JOYSOUND	ふぉれすとぴれお feat.まめこ	ふぉれすとぴれお
JOYSOUND	ふぉれすとぴれお feat.みぃしゃ	ふぉれすとぴれお
JOYSOUND	ふぉれすとぴれお feat.めらみぽっぷ	ふぉれすとぴれお
JOYSOUND	ふぉれすとぴれお feat.ランコ	ふぉれすとぴれお
JOYSOUND	ふぉれすとぴれお feat.リズナ	ふぉれすとぴれお
JOYSOUND	ふぉれすとぴれお feat.りゃく	ふぉれすとぴれお
JOYSOUND	ふぉれすとぴれお feat.ルシュカ	ふぉれすとぴれお
JOYSOUND	ふぉれすとぴれお feat.紫月菜乃	ふぉれすとぴれお
JOYSOUND	ふぉれすとぴれお feat.実谷なな	ふぉれすとぴれお
JOYSOUND	ふぉれすとぴれお feat.南条あきら	ふぉれすとぴれお
JOYSOUND	ふぉれすとぴれお feat.夢璃花	ふぉれすとぴれお
JOYSOUND	ふぉれすとぴれお feat.葉月なの	ふぉれすとぴれお
JOYSOUND	ふぉれすとぴれお feat.Φ串Φ	ふぉれすとぴれお
JOYSOUND	へたのよこずき feat みりん屋	へたのよこずき
JOYSOUND	へたのよこずき/玉谷	へたのよこずき
JOYSOUND	へたのよこずき/玉谷屋	へたのよこずき
JOYSOUND	へたのよこずき/彩	へたのよこずき
JOYSOUND	へたのよこずき/谷屋楽	へたのよこずき
JOYSOUND	へたのよこずき/谷屋楽、玉谷、彩	へたのよこずき
JOYSOUND	へたのよこずきとサニーを忘れないみんな	へたのよこずき
JOYSOUND	マスカルポーネ	マスカルポーネ
JOYSOUND	モジャン棒	モジャン棒
JOYSOUND	モノクロ殺人現場写真	モノクロ殺人現場写真
JOYSOUND	ユウノウミ/イザベル	ユウノウミ
JOYSOUND	ユウノウミ/まめみ(こなぐすり)	ユウノウミ
JOYSOUND	ユウノウミ/岩杉夏	ユウノウミ
JOYSOUND	ユウノウミ/山本椛(MONOTONE/IOSYS)	ユウノウミ
JOYSOUND	ユウノウミ/藤原鞠菜	ユウノウミ
JOYSOUND	ゆか	
JOYSOUND	らっぷびと	
JOYSOUND	らむだーじゃん	RegaSound
JOYSOUND	ロリ活(LOLI.COM×とんかつ) feat.ななひら	ロリ活(LOLI.COM×とんかつ)
JOYSOUND	快楽音楽堂(紫、とき、いわまひろゆき、G型)	快楽音楽堂
JOYSOUND	暁Records feat.Stack	暁Records
JOYSOUND	群青リボン	群青リボン
JOYSOUND	群馬東方会 feat. ゆ様、しい、なっちゃんブルー	群馬東方会
JOYSOUND	魂音泉	魂音泉
JOYSOUND	子猫奪回屋 feat.Mint	子猫奪回屋
JOYSOUND	子猫奪回屋 feat.Mint&Riryka	子猫奪回屋
JOYSOUND	子猫奪回屋 feat.めらみぽっぷ	子猫奪回屋
JOYSOUND	少女理論観測所/TERRA	少女理論観測所
JOYSOUND	少女理論観測所/うきね	少女理論観測所
JOYSOUND	少女理論観測所/咲子	少女理論観測所
JOYSOUND	榛ノ木書室/はるうら	榛ノ木書室
JOYSOUND	榛ノ木書室/はるうら feat. 時花(こなぐすり)	榛ノ木書室
JOYSOUND	深麻由幸	あぷえぬすたーと！
JOYSOUND	清風明月(葉月ゆら・Drop)	清風明月(葉月ゆら・Drop)
JOYSOUND	清風明月(葉月ゆら・Drop)&このり	清風明月(葉月ゆら・Drop)
JOYSOUND	清風明月(葉月ゆら・Drop)&みちゅき	清風明月(葉月ゆら・Drop)
JOYSOUND	石鹸屋	石鹸屋
JOYSOUND	凋叶棕 feat.3L	凋叶棕
JOYSOUND	凋叶棕 feat.めらみぽっぷ	凋叶棕
JOYSOUND	凋叶棕 feat.めらみぽっぷ/紫月菜乃	凋叶棕
JOYSOUND	凋叶棕 feat.紫月菜乃	凋叶棕
JOYSOUND	凋叶棕 feat.中恵光城	凋叶棕
JOYSOUND	天然ジェミニ feat.愛原千尋(神波千尋)	天然ジェミニ
JOYSOUND	天然ジェミニ feat.愛原千尋(神波千尋)&うたげあんな	天然ジェミニ
JOYSOUND	天然ジェミニ feat.愛原千尋(神波千尋)&愛空アキハ&ゆきまめ	天然ジェミニ
JOYSOUND	天然ジェミニ feat.愛原千尋(神波千尋)&愛原佑季	天然ジェミニ
JOYSOUND	天然ジェミニ feat.愛原千尋(神波千尋)&愛原佑季&うたげあんな	天然ジェミニ
JOYSOUND	天然ジェミニ feat.愛原佑季	天然ジェミニ
JOYSOUND	天然ジェミニ feat.愛原佑季&うたげあんな	天然ジェミニ
JOYSOUND	都築きせの	
JOYSOUND	藤宮ゆき/いえろ～ぜぶら(あ～るの～と)	いえろ～ぜぶら(あ～るの～と)
JOYSOUND	藤宮ゆき&うっちー/いえろ～ぜぶら(あ～るの～と)	いえろ～ぜぶら(あ～るの～と)
JOYSOUND	豆屋 feat.MARY	豆屋
JOYSOUND	豚乙女	豚乙女
JOYSOUND	豚乙女 feat.ビートまりお(COOL&CREATE)	豚乙女
JOYSOUND	豚乙女 feat.めらみぽっぷ	豚乙女
JOYSOUND	豚乙女 feat.ランコ	豚乙女
JOYSOUND	豚乙女 feat.ランコ、3L	豚乙女
JOYSOUND	豚乙女 feat.ランコ、Cherose	豚乙女
JOYSOUND	豚乙女 feat.ランコ、ichigo	豚乙女
JOYSOUND	豚乙女 feat.ランコ、yonji	豚乙女
JOYSOUND	豚乙女 feat.ランコ、あまね	豚乙女
JOYSOUND	豚乙女 feat.衝動的の人	豚乙女
JOYSOUND	熱い皆(すし～、春夏アキト、米※、Yuel Y.、つぐみ、KOR、汝我 猛)	あぷえぬすたーと！
JOYSOUND	白鷺ゆっきー@黒雪ごはん&シロクロ	
JOYSOUND	発熱巫女～ず☆capo	発熱巫女～ず
JOYSOUND	発熱巫女～ず☆Chen-U	発熱巫女～ず
JOYSOUND	発熱巫女～ず☆michiyo	発熱巫女～ず
JOYSOUND	発熱巫女～ず☆narco	発熱巫女～ず
JOYSOUND	発熱巫女～ず☆narco+capo	発熱巫女～ず
JOYSOUND	発熱巫女～ず☆SAKURA_bot	発熱巫女～ず
JOYSOUND	発熱巫女～ず☆ぴえむこ	発熱巫女～ず
JOYSOUND	発熱巫女～ず☆ランコ(豚乙女)	発熱巫女～ず
JOYSOUND	発熱巫女～ず☆舞花	発熱巫女～ず
JOYSOUND	発熱巫女～ず☆陽花	発熱巫女～ず
JOYSOUND	舞風-MAIKAZE/御堂くすは	舞風-MAIKAZE
JOYSOUND	舞風-MAIKAZE/沙紗飛鳥	舞風-MAIKAZE
JOYSOUND	舞風-MAIKAZE/時音-TOKINE	舞風-MAIKAZE
JOYSOUND	舞風-MAIKAZE/憐歌	舞風-MAIKAZE
JOYSOUND	味玉定食	味玉定食
JOYSOUND	幽閉サテライト/senya	幽閉サテライト
JOYSOUND	夕焼けコンテナ。 feat.PETAKO	夕焼けコンテナ。
JOYSOUND	秣本瑳羅 (Riverside)	Riverside
JOYSOUND	鶫 feat. Cutie Pai まゆちゃん	鶫